{
    "z_scale": 0.5,
    "position_offset": {
        "x": 0.00599999725818634,
        "y": 0.06799996644258499,
        "z": 0.12999989092350007
    },
    "direction_offset": {
        "x": 0.16510500013828278,
        "y": 0.019851360470056535,
        "z": -0.007525620050728321,
        "w": 0.9860289096832275
    },
    "rotation_offset": {
        "x": 0.020345529541373254,
        "y": 0.018090220168232919,
        "z": 0.0049995798617601398,
        "w": 0.9995951056480408
    }
}